<?xml version="1.0" encoding="UTF-8"?>
<configuration scan="true">
    <property name="log.path" value="/opt/logs/snbc/${SN_SERVER_NAME:-local}" />
    <appender name="CONSOLE" class="ch.qos.logback.core.ConsoleAppender">
        <encoder>
            <pattern>%d{yy-MM-dd HH:mm:ss.SSS} [%thread] %-5level %logger{35} - %msg%n</pattern>
        </encoder>
    </appender>

    <appender name="FILE" class="ch.qos.logback.core.rolling.RollingFileAppender">
        <File>${log.path}/SNBC_DEV.log</File>
        <!-- 日志文件rolling策略 -->
        <rollingPolicy class="ch.qos.logback.core.rolling.TimeBasedRollingPolicy">
            <FileNamePattern>${log.path}/SNBC_DEV_%d{yyyy-MM-dd}.log</FileNamePattern>
            <maxHistory>24</maxHistory>
        </rollingPolicy>
        <!-- 日志输出格式 -->
        <layout class="ch.qos.logback.classic.PatternLayout">
            <pattern>%d{yy-MM-dd HH:mm:ss.SSS} [%thread] %-5level %logger{35} - %msg%n</pattern>
        </layout>
    </appender>
    <root level="WARN">
        <appender-ref ref="CONSOLE"/>
        <appender-ref ref="FILE"/>
    </root>
    <logger name="com.suning.snbc" level="DEBUG"/>
    <logger name="com.suning.snbc.developer.portal.mapper" level="WARN"/>
    <!--
    <springProfile name="prd">
        <logger name="com.suning.snbc" level="INFO"/>
    </springProfile>

    <springProfile name="sit">
        <logger name="com.suning.snbc" level="DEBUG"/>
        <logger name="com.suning.snbc.developeroper.portal.mapper" level="WARN"/>
        <root level="WARN">
            <appender-ref ref="CONSOLE"/>
            <appender-ref ref="FILE"/>
        </root>
    </springProfile>
    -->

</configuration>